1 Denis Tyler denis_tyler@biz.com 1 1
2 Clarissa Parker clarissa_parker@biz.com 1 1
3 Harmony Rycroft harmony_rycroft@biz.com 1 1
4 Alan Patel alan_patel@biz.com 1 1
5 Domenic Eaton domenic_eaton@biz.com 1 1
6 Boris Wallace boris_wallace@biz.com 1 2
7 Maria Alexander maria_alexander@biz.com 1 2
8 Kurt Wright kurt_wright@biz.com 1 2
9 Dani James dani_james@biz.com 1 3
10 Caitlyn Allen caitlyn_allen@biz.com 1 3
11 Erick Uttley erick_uttley@biz.com 1 3
12 Carmen Zaoui carmen_zaoui@biz.com 1 3
13 Bernadette Dickson bernadette_dickson@biz.com 1 4
14 Clint Cork clint_cork@biz.com 1 4
15 Stella Rossi stella_rossi@biz.com 1 4
16 Angela Thornton angela_thornton@biz.com 1 4
17 Cameron Pickard cameron_pickard@biz.com 1 5
18 Enoch Umney enoch_umney@biz.com 1 5
19 Bryon Plant bryon_plant@biz.com 1 5
20 Charlize Horton charlize_horton@biz.com 1 5
21 Doug Kelly doug_kelly@biz.com 1 5
22 Elijah Eyres elijah_eyres@biz.com 1 5
23 Cassandra Connell cassandra_connell@biz.com 1 6
24 Deborah Nurton deborah_nurton@biz.com 1 6
25 Teagan Roberts teagan_roberts@biz.com 1 6
26 Boris Spencer boris_spencer@biz.com 1 7
27 Sabrina Robinson sabrina_robinson@biz.com 1 7
28 Jacob Driscoll jacob_driscoll@biz.com 1 7
29 Josh Downing josh_downing@biz.com 1 7
30 Manuel Griffiths manuel_griffiths@biz.com 1 8
31 Maddison Silva maddison_silva@biz.com 1 8
32 Camellia Watson camellia_watson@biz.com 1 8
33 Bob Booth bob_booth@biz.com 1 9
34 George Cassidy george_cassidy@biz.com 1 9
35 Hayden Collins hayden_collins@biz.com 1 9
36 Phillip Curtis phillip_curtis@biz.com 1 9
37 Barney Preston barney_preston@biz.com 1 10
38 Hayden Bishop hayden_bishop@biz.com 1 10
39 Abbey Goodman abbey_goodman@biz.com 1 10
40 Caydence Mould caydence_mould@biz.com 1 10
41 Josh Seymour josh_seymour@biz.com 1 11
42 Penelope York penelope_york@biz.com 1 11
43 Chester Carter chester_carter@biz.com 1 12
44 Rose Abbey rose_abbey@biz.com 1 12
45 Andrea Harvey andrea_harvey@biz.com 1 12
46 Alice Hastings alice_hastings@biz.com 1 13
47 Emerald Boyle emerald_boyle@biz.com 1 13
48 Anthony Andersson anthony_andersson@biz.com 1 13
49 Nick Lomax nick_lomax@biz.com 1 13
50 Boris Doherty boris_doherty@biz.com 1 14
51 David Bowen david_bowen@biz.com 1 14
52 Sabrina Morris sabrina_morris@biz.com 1 14
53 Rhea Dempsey rhea_dempsey@biz.com 1 14
54 Katelyn White katelyn_white@biz.com 1 14
55 Leilani Reese leilani_reese@biz.com 1 15
56 Roger Wild roger_wild@biz.com 1 20
57 Ryan Grant ryan_grant@biz.com 1 20
58 Kate Waterson kate_waterson@biz.com 1 20
59 Lynn Martin lynn_martin@biz.com 1 21
60 Benjamin Dowson benjamin_dowson@biz.com 1 21
61 Domenic Yoman domenic_yoman@biz.com 1 21
62 Jacob Carter jacob_carter@biz.com 1 22
63 Javier Holmes javier_holmes@biz.com 1 22
64 Henry Roscoe henry_roscoe@biz.com 1 22
65 Chadwick Bennett chadwick_bennett@biz.com 1 24
66 Liam Knight liam_knight@biz.com 1 24
67 Ramon Ellison ramon_ellison@biz.com 1 24
68 Alan Wilde alan_wilde@biz.com 1 26
69 Rosie Hunt rosie_hunt@biz.com 1 26
70 Percy Sherwood percy_sherwood@biz.com 1 26
71 Jackeline Tobin jackeline_tobin@biz.com 1 26
72 Celina Campbell celina_campbell@biz.com 1 27
73 Mason Quinn mason_quinn@biz.com 1 27
74 Danny Vallory danny_vallory@biz.com 1 27
75 Lucas Skinner lucas_skinner@biz.com 1 30
76 Tyler Rehman tyler_rehman@biz.com 1 30
77 Daphne Mullins daphne_mullins@biz.com 1 30
78 Selena Patel selena_patel@biz.com 1 31
79 Charlize Whitmore charlize_whitmore@biz.com 1 31
80 Brad Nurton brad_nurton@biz.com 1 34
81 Francesca Driscoll francesca_driscoll@biz.com 1 34
82 Rick Roth rick_roth@biz.com 1 34
83 Luke Walker luke_walker@biz.com 1 34
84 Russel Middleton russel_middleton@biz.com 1 35
85 Michelle Mcgee michelle_mcgee@biz.com 1 35
86 Margaret Hunter margaret_hunter@biz.com 1 36
87 Matt Woods matt_woods@biz.com 1 36
88 Ellen Becker ellen_becker@biz.com 1 36
89 Julius Robe julius_robe@biz.com 1 36
90 Jazmin Porter jazmin_porter@biz.com 1 37
91 Eduardo Dwyer eduardo_dwyer@biz.com 1 37
92 Ivette Webster ivette_webster@biz.com 1 39
93 Noah James noah_james@biz.com 1 39
94 Rosalee Cunningham rosalee_cunningham@biz.com 1 40
95 Dasha Matthews dasha_matthews@biz.com 1 40
96 Michelle Asher michelle_asher@biz.com 1 40
97 Jacob Gray jacob_gray@biz.com 1 45
98 Cedrick Redden cedrick_redden@biz.com 1 45
99 Noah Thompson noah_thompson@biz.com 1 45
100 Tony Dillon tony_dillon@biz.com 1 45
101 Denny Dubois denny_dubois@biz.com 1 50
102 Stacy Cassidy stacy_cassidy@biz.com 1 51
103 Julianna Warren julianna_warren@biz.com 1 51
104 Caleb Wild caleb_wild@biz.com 1 51
105 Rosie Bishop rosie_bishop@biz.com 1 51
106 Benjamin Rosenbloom benjamin_rosenbloom@biz.com 1 52
107 Bart Butler bart_butler@biz.com 1 52
108 Harry Nurton harry_nurton@biz.com 1 52
109 Lindsay Welsch lindsay_welsch@biz.com 1 53
110 Ronald Everett ronald_everett@biz.com 1 53
111 Alessandra Scott alessandra_scott@biz.com 1 53
112 Alma Griffiths alma_griffiths@biz.com 1 53
113 Jenna Powell jenna_powell@biz.com 1 54
114 John Furnell john_furnell@biz.com 1 54
115 Jamie Parker jamie_parker@biz.com 1 54
116 Anthony Scott anthony_scott@biz.com 1 54
117 Lucas Wilkinson lucas_wilkinson@biz.com 1 55
118 Havana Watson havana_watson@biz.com 1 55
119 Percy Hilton percy_hilton@biz.com 1 55
120 Wade Booth wade_booth@biz.com 1 55
121 Clarissa Gray clarissa_gray@biz.com 1 55
122 Catherine Collins catherine_collins@biz.com 1 55
123 Enoch Mitchell enoch_mitchell@biz.com 1 56
124 Abdul Heaton abdul_heaton@biz.com 1 56
125 Peyton Russel peyton_russel@biz.com 1 56
126 Andrea Ellison andrea_ellison@biz.com 1 57
127 Carissa Quinnell carissa_quinnell@biz.com 1 57
128 Estrella Gates estrella_gates@biz.com 1 57
129 Mike Palmer mike_palmer@biz.com 1 57
130 Carl Saunders carl_saunders@biz.com 1 58
131 Michelle Stone michelle_stone@biz.com 1 58
132 Aiden Craig aiden_craig@biz.com 1 58
133 Natalie Vinton natalie_vinton@biz.com 1 59
134 Matthew Pickard matthew_pickard@biz.com 1 59
135 Sofia Steer sofia_steer@biz.com 1 59
136 Tom Oliver tom_oliver@biz.com 1 59
137 Agnes Chadwick agnes_chadwick@biz.com 1 60
138 Mavis Turner mavis_turner@biz.com 1 60
139 Rocco Shields rocco_shields@biz.com 1 60
140 Caleb Jenkin caleb_jenkin@biz.com 1 60
141 Roger Stevens roger_stevens@biz.com 1 61
142 Lucas Shea lucas_shea@biz.com 1 61
143 Stephanie Parker stephanie_parker@biz.com 1 62
144 Cara Bayliss cara_bayliss@biz.com 1 62
145 Francesca Sherwood francesca_sherwood@biz.com 1 62
146 Daron Windsor daron_windsor@biz.com 1 63
147 Harry Chapman harry_chapman@biz.com 1 63
148 Rosalee Holmes rosalee_holmes@biz.com 1 63
149 Skylar Attwood skylar_attwood@biz.com 1 63
150 Alexander Sinclair alexander_sinclair@biz.com 1 64
151 Alex Rixon alex_rixon@biz.com 1 64
152 Paige Villiger paige_villiger@biz.com 1 64
153 Luke London luke_london@biz.com 1 64
154 Cedrick Price cedrick_price@biz.com 1 64
155 Christine Herbert christine_herbert@biz.com 1 65
156 Charlize Miller charlize_miller@biz.com 1 70
157 Mike Barclay mike_barclay@biz.com 1 70
158 Carl Hood carl_hood@biz.com 1 70
159 Blake Noon blake_noon@biz.com 1 71
160 Bryce Calderwood bryce_calderwood@biz.com 1 71
161 Beatrice Bradshaw beatrice_bradshaw@biz.com 1 71
162 Adelaide Fenton adelaide_fenton@biz.com 1 72
163 Havana Whitmore havana_whitmore@biz.com 1 72
164 Jules Mitchell jules_mitchell@biz.com 1 72
165 Julia Olivier julia_olivier@biz.com 1 74
166 Emerald Ross emerald_ross@biz.com 1 74
167 Ciara Mcnally ciara_mcnally@biz.com 1 74
168 Bryon Leigh bryon_leigh@biz.com 1 76
169 Caleb Boden caleb_boden@biz.com 1 76
170 Melanie Gray melanie_gray@biz.com 1 76
171 Kurt Allington kurt_allington@biz.com 1 76
172 Sage Forester sage_forester@biz.com 1 77
173 Barney Nielson barney_nielson@biz.com 1 77
174 Leroy Wild leroy_wild@biz.com 1 77
175 Elijah Collis elijah_collis@biz.com 1 80
176 Remy Hancock remy_hancock@biz.com 1 80
177 Lara Simpson lara_simpson@biz.com 1 80
178 Alan Kelly alan_kelly@biz.com 1 81
179 Benny Cattell benny_cattell@biz.com 1 81
180 Jacqueline Davies jacqueline_davies@biz.com 1 84
181 Ellen Gardner ellen_gardner@biz.com 1 84
182 Michael Cameron michael_cameron@biz.com 1 84
183 Marjorie Hepburn marjorie_hepburn@biz.com 1 84
184 Percy Rixon percy_rixon@biz.com 1 85
185 Goldie Giles goldie_giles@biz.com 1 85
186 Bethany Whinter bethany_whinter@biz.com 1 86
187 Estrella Wallace estrella_wallace@biz.com 1 86
188 Shelby Tutton shelby_tutton@biz.com 1 86
189 Georgia Walsh georgia_walsh@biz.com 1 86
190 Lillian Robertson lillian_robertson@biz.com 1 87
191 Judith Anderson judith_anderson@biz.com 1 87
192 Chris Parker chris_parker@biz.com 1 89
193 Joseph Nelson joseph_nelson@biz.com 1 89
194 Remy Evans remy_evans@biz.com 1 90
195 Crystal Pierce crystal_pierce@biz.com 1 90
196 Florence Jacobs florence_jacobs@biz.com 1 90
197 Mike John mike_john@biz.com 1 95
198 Greta Olson greta_olson@biz.com 1 95
199 Remy Bryson remy_bryson@biz.com 1 95
200 Doris Mcnally doris_mcnally@biz.com 1 95
201 Logan Edmonds logan_edmonds@biz.com 1 100
202 Emerald Lindsay emerald_lindsay@biz.com 1 101
203 Peter Needham peter_needham@biz.com 1 101
204 Jayden Gosling jayden_gosling@biz.com 1 101
205 Maxwell Hill maxwell_hill@biz.com 1 101
206 Regina Coleman regina_coleman@biz.com 1 102
207 Celina Clarke celina_clarke@biz.com 1 102
208 Nicholas Alldridge nicholas_alldridge@biz.com 1 102
209 Vicky Mullins vicky_mullins@biz.com 1 103
210 Cedrick Clark cedrick_clark@biz.com 1 103
211 Scarlett Thompson scarlett_thompson@biz.com 1 103
212 Chris Jarvis chris_jarvis@biz.com 1 103
213 Ron Warner ron_warner@biz.com 1 104
214 Shay Matthews shay_matthews@biz.com 1 104
215 Daphne Clarke daphne_clarke@biz.com 1 104
216 Priscilla Oldfield priscilla_oldfield@biz.com 1 104
217 Alba Drake alba_drake@biz.com 1 105
218 Julian Milner julian_milner@biz.com 1 105
219 Nancy Quinnell nancy_quinnell@biz.com 1 105
220 Aiden Griffiths aiden_griffiths@biz.com 1 105
221 Carl Dillon carl_dillon@biz.com 1 105
222 Jessica Blackwall jessica_blackwall@biz.com 1 105
223 Sonya Ventura sonya_ventura@biz.com 1 106
224 Rosie Hancock rosie_hancock@biz.com 1 106
225 Percy Raven percy_raven@biz.com 1 106
226 Sage Dixon sage_dixon@biz.com 1 107
227 Michelle Zaoui michelle_zaoui@biz.com 1 107
228 Rick Oldfield rick_oldfield@biz.com 1 107
229 Elijah Kidd elijah_kidd@biz.com 1 107
230 Boris Collins boris_collins@biz.com 1 108
231 Mabel Owen mabel_owen@biz.com 1 108
232 Carissa Lambert carissa_lambert@biz.com 1 108
233 Clint Matthews clint_matthews@biz.com 1 109
234 Amy Newman amy_newman@biz.com 1 109
235 Johnny Donnelly johnny_donnelly@biz.com 1 109
236 Daron Waterson daron_waterson@biz.com 1 109
237 Tony Nicolas tony_nicolas@biz.com 1 110
238 Ronald Bryant ronald_bryant@biz.com 1 110
239 Mavis Rees mavis_rees@biz.com 1 110
240 Lana Walter lana_walter@biz.com 1 110
241 Alba Strong alba_strong@biz.com 1 111
242 Mina Rosenbloom mina_rosenbloom@biz.com 1 111
243 Bristol Richards bristol_richards@biz.com 1 112
244 Isabel Trent isabel_trent@biz.com 1 112
245 Maxwell Dann maxwell_dann@biz.com 1 112
246 Aurelia Uddin aurelia_uddin@biz.com 1 113
247 Rick Nayler rick_nayler@biz.com 1 113
248 Maxwell King maxwell_king@biz.com 1 113
249 Chad Knight chad_knight@biz.com 1 113
250 Nathan Morgan nathan_morgan@biz.com 1 114
251 Abdul Weatcroft abdul_weatcroft@biz.com 1 114
252 Valentina Walker valentina_walker@biz.com 1 114
253 Victoria Flack victoria_flack@biz.com 1 114
254 Doug Tyler doug_tyler@biz.com 1 114
255 Helen Vince helen_vince@biz.com 1 115
256 Danny Neville danny_neville@biz.com 1 120
257 Tony Vince tony_vince@biz.com 1 120
258 Gwenyth Groves gwenyth_groves@biz.com 1 120
259 Brad Antcliff brad_antcliff@biz.com 1 121
260 Sarah Fleming sarah_fleming@biz.com 1 121
261 Ruth Yarlett ruth_yarlett@biz.com 1 121
262 Havana Rainford havana_rainford@biz.com 1 122
263 John Stewart john_stewart@biz.com 1 122
264 Rita Chapman rita_chapman@biz.com 1 122
265 Adela Mould adela_mould@biz.com 1 124
266 Meredith Wright meredith_wright@biz.com 1 124
267 Aurelia Roberts aurelia_roberts@biz.com 1 124
268 David Jarvis david_jarvis@biz.com 1 126
269 Agnes Emmott agnes_emmott@biz.com 1 126
270 Noah Wigley noah_wigley@biz.com 1 126
271 Fred Savage fred_savage@biz.com 1 126
272 Julius Rycroft julius_rycroft@biz.com 1 127
273 Courtney Morris courtney_morris@biz.com 1 127
274 Jayden Ralph jayden_ralph@biz.com 1 127
275 Angelina Strong angelina_strong@biz.com 1 130
276 Liv Casey liv_casey@biz.com 1 130
277 Alan Waterhouse alan_waterhouse@biz.com 1 130
278 Leroy Jarvis leroy_jarvis@biz.com 1 131
279 Boris Lee boris_lee@biz.com 1 131
280 Gloria Robinson gloria_robinson@biz.com 1 134
281 Matthew Thorne matthew_thorne@biz.com 1 134
282 Stephanie Thomas stephanie_thomas@biz.com 1 134
283 Josh Addison josh_addison@biz.com 1 134
284 Tom Lewis tom_lewis@biz.com 1 135
285 Emma Rogers emma_rogers@biz.com 1 135
286 Percy Grant percy_grant@biz.com 1 136
287 Leanne Flack leanne_flack@biz.com 1 136
288 Martha Alexander martha_alexander@biz.com 1 136
289 Mina Hamilton mina_hamilton@biz.com 1 136
290 Barry Farrow barry_farrow@biz.com 1 137
291 Kieth Carter kieth_carter@biz.com 1 137
292 Sonya Sinclair sonya_sinclair@biz.com 1 139
293 Abdul Barrett abdul_barrett@biz.com 1 139
294 Bryce Owens bryce_owens@biz.com 1 140
295 Elijah Stevens elijah_stevens@biz.com 1 140
296 Maria Mcneill maria_mcneill@biz.com 1 140
297 Kieth Riley kieth_riley@biz.com 1 145
298 Johnny Bennett johnny_bennett@biz.com 1 145
299 Ramon Clayton ramon_clayton@biz.com 1 145
300 John Leslie john_leslie@biz.com 1 145
301 Aurelia Chester aurelia_chester@biz.com 1 150
302 Doug Edwards doug_edwards@biz.com 1 151
303 Ron Edmonds ron_edmonds@biz.com 1 151
304 Ronald Michael ronald_michael@biz.com 1 151
305 Amy King amy_king@biz.com 1 151
306 Emery Waterhouse emery_waterhouse@biz.com 1 152
307 Manuel Radley manuel_radley@biz.com 1 152
308 Kieth Wild kieth_wild@biz.com 1 152
309 Angela Higgs angela_higgs@biz.com 1 153
310 Cassidy Button cassidy_button@biz.com 1 153
311 Rihanna Nobbs rihanna_nobbs@biz.com 1 153
312 Anthony Brown anthony_brown@biz.com 1 153
313 Tony Greenwood tony_greenwood@biz.com 1 154
314 Percy Walton percy_walton@biz.com 1 154
315 Marvin Harper marvin_harper@biz.com 1 154
316 Shay Gonzales shay_gonzales@biz.com 1 154
317 Benjamin Gibbons benjamin_gibbons@biz.com 1 155
318 Hanna Warden hanna_warden@biz.com 1 155
319 Michael Pitt michael_pitt@biz.com 1 155
320 Nate Collins nate_collins@biz.com 1 155
321 Ron Squire ron_squire@biz.com 1 155
322 Nathan Summers nathan_summers@biz.com 1 155
323 Hank Ripley hank_ripley@biz.com 1 156
324 Quinn Price quinn_price@biz.com 1 156
325 Melody Ventura melody_ventura@biz.com 1 156
326 Tom Drew tom_drew@biz.com 1 157
327 Kaylee Stanley kaylee_stanley@biz.com 1 157
328 Bryon Williams bryon_williams@biz.com 1 157
329 Shay Hamilton shay_hamilton@biz.com 1 157
330 Miley Murray miley_murray@biz.com 1 158
331 Joseph Emmett joseph_emmett@biz.com 1 158
332 Alessia Groves alessia_groves@biz.com 1 158
333 Doug Stark doug_stark@biz.com 1 159
334 Bob Wilson bob_wilson@biz.com 1 159
335 Matthew Robinson matthew_robinson@biz.com 1 159
336 Bart Pitt bart_pitt@biz.com 1 159
337 Logan Gibson logan_gibson@biz.com 1 160
338 Willow Giles willow_giles@biz.com 1 160
339 Caitlyn Moss caitlyn_moss@biz.com 1 160
340 Blake Collins blake_collins@biz.com 1 160
341 Marvin Powell marvin_powell@biz.com 1 161
342 Hank Reading hank_reading@biz.com 1 161
343 Sebastian Collins sebastian_collins@biz.com 1 162
344 Benny Emmott benny_emmott@biz.com 1 162
345 Bart Mcleod bart_mcleod@biz.com 1 162
346 Bob Edley bob_edley@biz.com 1 163
347 Phoebe Haines phoebe_haines@biz.com 1 163
348 Harry Raven harry_raven@biz.com 1 163
349 Kendra Stuart kendra_stuart@biz.com 1 163
350 Mason Rixon mason_rixon@biz.com 1 164
351 Johnny Clarke johnny_clarke@biz.com 1 164
352 Fred Burge fred_burge@biz.com 1 164
353 Maya Carter maya_carter@biz.com 1 164
354 Luna Oatway luna_oatway@biz.com 1 164
355 George Upton george_upton@biz.com 1 165
356 Ryan Hunter ryan_hunter@biz.com 1 170
357 Gil Cartwright gil_cartwright@biz.com 1 170
358 Livia Hill livia_hill@biz.com 1 170
359 Chad Miller chad_miller@biz.com 1 171
360 Ronald Bristow ronald_bristow@biz.com 1 171
361 Abdul Robinson abdul_robinson@biz.com 1 171
362 Mark Wellington mark_wellington@biz.com 1 172
363 Ronald Wooldridge ronald_wooldridge@biz.com 1 172
364 Benjamin Thornton benjamin_thornton@biz.com 1 172
365 Tony Trent tony_trent@biz.com 1 174
366 Teagan Shaw teagan_shaw@biz.com 1 174
367 Noah Fall noah_fall@biz.com 1 174
368 Phillip Bailey phillip_bailey@biz.com 1 176
369 Juliette Dickson juliette_dickson@biz.com 1 176
370 Clint Briggs clint_briggs@biz.com 1 176
371 Owen Whinter owen_whinter@biz.com 1 176
372 Dasha Reynolds dasha_reynolds@biz.com 1 177
373 Ruby Bradley ruby_bradley@biz.com 1 177
374 Hayden Whatson hayden_whatson@biz.com 1 177
375 Bart Marshall bart_marshall@biz.com 1 180
376 Davina Notman davina_notman@biz.com 1 180
377 Allison Flett allison_flett@biz.com 1 180
378 Percy Andrews percy_andrews@biz.com 1 181
379 Rufus Scott rufus_scott@biz.com 1 181
380 Maria Gibson maria_gibson@biz.com 1 184
381 Julius Michael julius_michael@biz.com 1 184
382 Paige Hamilton paige_hamilton@biz.com 1 184
383 Eryn Poole eryn_poole@biz.com 1 184
384 Javier Pierce javier_pierce@biz.com 1 185
385 Russel Connell russel_connell@biz.com 1 185
386 Tyson Ranks tyson_ranks@biz.com 1 186
387 Benny Woodley benny_woodley@biz.com 1 186
388 Lucas Cobb lucas_cobb@biz.com 1 186
389 Ally Gordon ally_gordon@biz.com 1 186
390 Alba Grady alba_grady@biz.com 1 187
391 Drew Lewis drew_lewis@biz.com 1 187
392 Bristol Morley bristol_morley@biz.com 1 189
393 Thea Dyson thea_dyson@biz.com 1 189
394 Grace Wild grace_wild@biz.com 1 190
395 Maxwell Hunter maxwell_hunter@biz.com 1 190
396 Nancy Strong nancy_strong@biz.com 1 190
397 Ivette Alexander ivette_alexander@biz.com 1 195
398 Rosalyn Veale rosalyn_veale@biz.com 1 195
399 Gil Hunt gil_hunt@biz.com 1 195
400 Abdul Gibbons abdul_gibbons@biz.com 1 195
401 Bristol Giles bristol_giles@biz.com 1 200
402 Bernadette Morley bernadette_morley@biz.com 1 201
403 Alessandra Blackwall alessandra_blackwall@biz.com 1 201
404 Lexi Carson lexi_carson@biz.com 1 201
405 Ethan Furnell ethan_furnell@biz.com 1 201
406 Josh Hunter josh_hunter@biz.com 1 202
407 Charlotte Varndell charlotte_varndell@biz.com 1 202
408 Eduardo Gregory eduardo_gregory@biz.com 1 202
409 Carl Cann carl_cann@biz.com 1 203
410 Kaylee Reynolds kaylee_reynolds@biz.com 1 203
411 Noah Robertson noah_robertson@biz.com 1 203
412 Sabrina Goodman sabrina_goodman@biz.com 1 203
413 Audrey Neal audrey_neal@biz.com 1 204
414 Margot Osman margot_osman@biz.com 1 204
415 Cara Richards cara_richards@biz.com 1 204
416 Cedrick Furnell cedrick_furnell@biz.com 1 204
417 Martin Roth martin_roth@biz.com 1 205
418 Stella Dixon stella_dixon@biz.com 1 205
419 Maya Yoman maya_yoman@biz.com 1 205
420 Joy Morrow joy_morrow@biz.com 1 205
421 Hayden Aldridge hayden_aldridge@biz.com 1 205
422 Peter Rodwell peter_rodwell@biz.com 1 205
423 Manuel Bishop manuel_bishop@biz.com 1 206
424 Clint Ring clint_ring@biz.com 1 206
425 Shay James shay_james@biz.com 1 206
426 Rocco Ellis rocco_ellis@biz.com 1 207
427 Rick Overson rick_overson@biz.com 1 207
428 Stella Lynch stella_lynch@biz.com 1 207
429 Denis Yarlett denis_yarlett@biz.com 1 207
430 Destiny Notman destiny_notman@biz.com 1 208
431 Kamila Andrews kamila_andrews@biz.com 1 208
432 Gwen Gosling gwen_gosling@biz.com 1 208
433 Ron Amstead ron_amstead@biz.com 1 209
434 Ivette Partridge ivette_partridge@biz.com 1 209
435 Denny Rowe denny_rowe@biz.com 1 209
436 Elena Whatson elena_whatson@biz.com 1 209
437 Aeris Brennan aeris_brennan@biz.com 1 210
438 Crystal Martin crystal_martin@biz.com 1 210
439 Nate Scott nate_scott@biz.com 1 210
440 Mark Shaw mark_shaw@biz.com 1 210
441 David Freeburn david_freeburn@biz.com 1 211
442 Alexander Gaynor alexander_gaynor@biz.com 1 211
443 Jennifer Hewitt jennifer_hewitt@biz.com 1 212
444 Chelsea Thompson chelsea_thompson@biz.com 1 212
445 Robyn Craig robyn_craig@biz.com 1 212
446 Sofia Bloom sofia_bloom@biz.com 1 213
447 Aisha Wellington aisha_wellington@biz.com 1 213
448 Willow Walker willow_walker@biz.com 1 213
449 Sofia Walsh sofia_walsh@biz.com 1 213
450 Jayden Collins jayden_collins@biz.com 1 214
451 Ryan Webster Ryan_Webster6612@hourpy.biz 2 214
452 Emmanuelle Tennant Emmanuelle_Tennant8391@deavo.com 2 214
453 Madison Niles Madison_Niles1183@naiker.biz 2 214
454 Julius Abbey Julius_Abbey7193@liret.org 2 214
455 Chris Beal Chris_Beal747@twipet.com 2 215
456 Bart Talbot Bart_Talbot7475@sveldo.biz 2 220
457 Barney Patel Barney_Patel1198@bretoux.com 2 220
458 Leroy Grady Leroy_Grady6771@yahoo.com 2 220
459 Summer Forth Summer_Forth493@gompie.com 2 221
460 Selena Eyres Selena_Eyres942@corti.com 2 221
461 Sara Dallas Sara_Dallas3754@mafthy.com 2 221
462 Cameron Chester Cameron_Chester3738@bretoux.com 2 222
463 Madelyn Woodcock Madelyn_Woodcock7383@muall.tech 2 222
464 Harmony Roth Harmony_Roth8138@naiker.biz 2 222
465 Tess Needham Tess_Needham6921@tonsy.org 2 224
466 Nathan Preston Nathan_Preston5065@naiker.biz 2 224
467 Gwenyth Bullock Gwenyth_Bullock2591@joiniaa.com 2 224
468 Ethan Huggins Ethan_Huggins5325@hourpy.biz 2 226
469 Daria James Daria_James3577@hourpy.biz 2 226
470 Bree Thornton Bree_Thornton4087@gompie.com 2 226
471 Georgia Michael Georgia_Michael3024@nimogy.biz 2 226
472 Melanie Bullock Melanie_Bullock1821@jiman.org 2 227
473 Georgia Giles Georgia_Giles5785@irrepsy.com 2 227
474 Denny Ventura Denny_Ventura3325@twipet.com 2 227
475 Marvin Richards Marvin_Richards9884@supunk.biz 2 230
476 Roger Williams Roger_Williams8567@brety.org 2 230
477 William Allen William_Allen9372@gompie.com 2 230
478 Charlotte Ward Charlotte_Ward5660@joiniaa.com 2 231
479 Anthony Brooks Anthony_Brooks2669@brety.org 2 231
480 Cristal Murray Cristal_Murray8938@typill.biz 2 234
481 Phillip Shelton Phillip_Shelton1141@bauros.biz 2 234
482 Leroy Rivers Leroy_Rivers9096@atink.com 2 234
483 Daron Mcgregor Daron_Mcgregor4462@hourpy.biz 2 234
484 Gwen Radley Gwen_Radley168@twipet.com 2 235
485 Mona Atkinson Mona_Atkinson9210@naiker.biz 2 235
486 Alexa Ralph Alexa_Ralph2538@nickia.com 2 236
487 Bart Noon Bart_Noon486@iatim.tech 2 236
488 Ronald Wilton Ronald_Wilton1904@irrepsy.com 2 236
489 Payton Baker Payton_Baker4173@cispeto.com 2 236
490 Logan Weasley Logan_Weasley4443@nickia.com 2 237
491 Maxwell Taylor Maxwell_Taylor6007@zorer.org 2 237
492 Rosalee Gilmour Rosalee_Gilmour3294@zorer.org 2 239
493 Barney Gordon Barney_Gordon2322@gmail.com 2 239
494 Ivy Talbot Ivy_Talbot8149@yahoo.com 2 240
495 Stephanie Rycroft Stephanie_Rycroft5398@gmail.com 2 240
496 Makena Crawley Makena_Crawley4184@mafthy.com 2 240
497 Boris Bailey Boris_Bailey5789@twace.org 2 245
498 William Pickard William_Pickard1707@ovock.tech 2 245
499 Irene Michael Irene_Michael3147@vetan.org 2 245
500 Maxwell Fowler Maxwell_Fowler569@muall.tech 2 245
501 Brad Paterson Brad_Paterson4114@iatim.tech 2 250
502 Alexander Osmond Alexander_Osmond2234@infotech44.tech 2 251
503 Sydney Phillips Sydney_Phillips7466@mafthy.com 2 251
504 Jacob Parr Jacob_Parr971@sheye.org 2 251
505 Owen Burge Owen_Burge8588@liret.org 2 251
506 Hanna Verdon Hanna_Verdon9269@grannar.com 2 252
507 Martin Logan Martin_Logan7746@famism.biz 2 252
508 Henry Holt Henry_Holt9583@gmail.com 2 252
509 Jazmin Kidd Jazmin_Kidd2060@nimogy.biz 2 253
510 Barry Phillips Barry_Phillips7278@corti.com 2 253
511 Adalie Stewart Adalie_Stewart2857@typill.biz 2 253
512 Percy Clarke Percy_Clarke1732@irrepsy.com 2 253
513 Courtney James Courtney_James6697@eirey.tech 2 254
514 Benny Tyrrell Benny_Tyrrell6921@grannar.com 2 254
515 Ally Stevenson Ally_Stevenson7278@fuliss.net 2 254
516 Rosa Tait Rosa_Tait1615@tonsy.org 2 254
517 Tania Hamilton Tania_Hamilton4392@sveldo.biz 2 255
518 Louise Oatway Louise_Oatway9597@nanoff.biz 2 255
519 Sasha Allen Sasha_Allen4909@bretoux.com 2 255
520 Angela Briggs Angela_Briggs9627@dionrab.com 2 255
521 Emery Townend Emery_Townend1682@elnee.tech 2 255
522 Phillip Wilkinson Phillip_Wilkinson2721@womeona.net 2 255
523 Abbey Stanley Abbey_Stanley9758@womeona.net 2 256
524 Russel Blythe Russel_Blythe5668@irrepsy.com 2 256
525 Caydence Shea Caydence_Shea5255@muall.tech 2 256
526 Eduardo Rigg Eduardo_Rigg4159@yahoo.com 2 257
527 Johnathan Mcgee Johnathan_Mcgee878@brety.org 2 257
528 Beatrice Saunders Beatrice_Saunders44@deavo.com 2 257
529 Rosalee Kelly Rosalee_Kelly4231@sveldo.biz 2 257
530 Rick Lynch Rick_Lynch9604@muall.tech 2 258
531 Josh Bryant Josh_Bryant4961@joiniaa.com 2 258
532 Denny Corbett Denny_Corbett5233@muall.tech 2 258
533 Jane Marshall Jane_Marshall2365@eirey.tech 2 259
534 Hank Pearson Hank_Pearson2502@guentu.biz 2 259
535 Mark Terry Mark_Terry8490@acrit.org 2 259
536 Angelique Williams Angelique_Williams4160@guentu.biz 2 259
537 Amy Booth Amy_Booth7726@cispeto.com 2 260
538 Carissa Woodcock Carissa_Woodcock6864@bungar.biz 2 260
539 Esmeralda Olivier Esmeralda_Olivier3578@jiman.org 2 260
540 Russel Chappell Russel_Chappell1666@bauros.biz 2 260
541 Moira Mann Moira_Mann623@brety.org 2 261
542 Enoch Eddison Enoch_Eddison1493@brety.org 2 261
543 Belinda Cork Belinda_Cork6246@irrepsy.com 2 262
544 Gabriel Forester Gabriel_Forester7236@zorer.org 2 262
545 Danny Jones Danny_Jones3252@iatim.tech 2 262
546 Carmella Osman Carmella_Osman5847@deons.tech 2 263
547 Phillip Jones Phillip_Jones6735@acrit.org 2 263
548 Violet Stone Violet_Stone385@twipet.com 2 263
549 Molly Russel Molly_Russel9627@nanoff.biz 2 263
550 Eileen Cooper Eileen_Cooper8813@mafthy.com 2 264
551 Isla Paterson Isla_Paterson3053@corti.com 2 264
552 Laila Price Laila_Price4422@corti.com 2 264
553 Lynn Briggs Lynn_Briggs626@cispeto.com 2 264
554 Nick Baker Nick_Baker2843@gmail.com 2 264
555 Mackenzie Parker Mackenzie_Parker4348@eirey.tech 2 265
556 Melody Mann Melody_Mann1569@nanoff.biz 2 270
557 Phillip Kerr Phillip_Kerr7@qater.org 2 270
558 Thea Cox Thea_Cox1810@corti.com 2 270
559 Jayden Henderson Jayden_Henderson5561@brety.org 2 271
560 Daria Adams Daria_Adams4623@dionrab.com 2 271
561 Anthony Maxwell Anthony_Maxwell5158@sheye.org 2 271
562 Anthony Tennant Anthony_Tennant637@iatim.tech 2 272
563 John Bright John_Bright2743@gembat.biz 2 272
564 Chester Tailor Chester_Tailor2132@infotech44.tech 2 272
565 Phoebe Wilcox Phoebe_Wilcox7988@kideod.biz 2 274
566 Celia Miller Celia_Miller7039@muall.tech 2 274
567 Barney Weatcroft Barney_Weatcroft907@tonsy.org 2 274
568 Eduardo Gilmore Eduardo_Gilmore2315@zorer.org 2 276
569 Cristal Nielson Cristal_Nielson5455@extex.org 2 276
570 Manuel Wren Manuel_Wren3557@hourpy.biz 2 276
571 Percy Power Percy_Power4976@ovock.tech 2 276
572 Britney Dixon Britney_Dixon735@liret.org 2 277
573 Samara Williams Samara_Williams4170@yahoo.com 2 277
574 Rosa Russel Rosa_Russel939@zorer.org 2 277
575 Erick Holmes Erick_Holmes3524@supunk.biz 2 280
576 Makena Cann Makena_Cann8004@naiker.biz 2 280
577 Jane Tindall Jane_Tindall8732@gembat.biz 2 280
578 William Jarrett William_Jarrett1386@vetan.org 2 281
579 Ronald Coates Ronald_Coates9949@naiker.biz 2 281
580 Peyton Robinson Peyton_Robinson5139@vetan.org 2 284
581 Marjorie Alcroft Marjorie_Alcroft4803@zorer.org 2 284
582 Bristol Knight Bristol_Knight1107@mafthy.com 2 284
583 Alexander King Alexander_King2761@gompie.com 2 284
584 Maggie Funnell Maggie_Funnell2106@grannar.com 2 285
585 Kirsten Norman Kirsten_Norman4921@nickia.com 2 285
586 Joy Jefferson Joy_Jefferson5639@mafthy.com 2 286
587 Denis Larkin Denis_Larkin1936@extex.org 2 286
588 Mabel Yoman Mabel_Yoman92@gompie.com 2 286
589 Johnny Walton Johnny_Walton5439@elnee.tech 2 286
590 Josh Dann Josh_Dann4349@gompie.com 2 287
591 Ryan Becker Ryan_Becker9715@eirey.tech 2 287
592 Anais Gaynor Anais_Gaynor8054@bulaffy.com 2 289
593 Darlene Johnson Darlene_Johnson5160@irrepsy.com 2 289
594 Gil Wooldridge Gil_Wooldridge2926@joiniaa.com 2 290
595 Adina Wright Adina_Wright6434@jiman.org 2 290
596 Bart Davies Bart_Davies530@bretoux.com 2 290
597 Cassidy Griffiths Cassidy_Griffiths9890@sheye.org 2 295
598 Audrey Pond Audrey_Pond9422@famism.biz 2 295
599 Faith Leigh Faith_Leigh1026@kideod.biz 2 295
600 Hank Jackson Hank_Jackson776@sveldo.biz 2 295